"comid","HSG","Area","area_sum","area_port"
23989501,"D",908100,6401700,0.141852945311402
23997330,"B",900,32400,0.0277777777777778
24279450,"C",32400,32400,1
23952746,"D",41400,41400,1
24538378,"C",6300,6300,1
23997316,"A",18900,65700,0.287671232876712
23957340,"B",900,900,1
23953887,"C",4500,45900,0.0980392156862745
23989611,"C",900,900,1
24279152,"D",900,900,1
23981343,"D",223200,436500,0.511340206185567
24285720,"B",900,900,1
24274425,"C",900,900,1
23977614,"C",2126700,2695500,0.7889816360601
23980933,"B",900,900,1
24279302,"D",2700,122400,0.0220588235294118
23990165,"D",30600,30600,1
24274351,"D",900,900,1
23997634,"C",25200,25200,1
23970225,"C",900,900,1
23997656,"C",900,900,1
23955808,"C",5400,6300,0.857142857142857
24001223,"C",900,900,1
23955808,"D",900,6300,0.142857142857143
24279364,"C",24300,24300,1
24270512,"A",40500,74700,0.542168674698795
24270338,"D",9900,9900,1
23962921,"D",2700,2700,1
24535058,"C",1800,1800,1
23964141,"D",7200,7200,1
23997368,"C",900,39600,0.0227272727272727
24538054,"D",92700,425700,0.217758985200846
24279302,"A",91800,122400,0.75
23989089,"C",541800,541800,1
23955980,"D",2700,2700,1
24255401,"B",8100,8100,1
24538046,"C",239400,863100,0.277372262773723
23990667,"D",321300,7139700,0.0450018908357494
23989173,"C",11700,11700,1
24270854,"D",24300,24300,1
23971839,"D",7200,7200,1
24538082,"C",126000,137700,0.915032679738562
23989103,"C",52200,53100,0.983050847457627
24274925,"A",166500,166500,1
23990185,"D",7200,7200,1
24534602,"D",3324600,3324600,1
23956814,"C",171000,226800,0.753968253968254
24279442,"D",900,900,1
23953887,"D",3600,45900,0.0784313725490196
23997322,"C",900,900,1
23981263,"D",13500,13500,1
23990141,"C",324000,324000,1
24001053,"C",3600,3600,1
23989555,"C",1188900,1188900,1
23981921,"D",2700,2700,1
24265717,"B",900,900,1
23989005,"D",5400,5400,1
23997362,"B",1800,1800,1
24279490,"C",774900,782100,0.990794016110472
23989139,"C",900,900,1
23989563,"C",195300,195300,1
24538152,"C",9000,9000,1
24274445,"C",5400,5400,1
24538392,"C",14400,14400,1
23957470,"C",900,900,1
23956886,"C",9900,9900,1
24274923,"A",36000,36000,1
23989099,"C",2235600,2236500,0.999597585513078
23989585,"C",7200,7200,1
23989565,"C",92700,92700,1
23980805,"C",138600,1493100,0.0928270042194093
23990371,"C",1800,1800,1
24270304,"D",18000,18000,1
24534520,"C",1029600,1029600,1
24538056,"D",13500,297900,0.0453172205438066
24001057,"C",900,3600,0.25
24282190,"B",2700,2700,1
23990203,"D",9900,9900,1
24279140,"C",900,900,1
23977822,"D",9000,58500,0.153846153846154
24538170,"C",4500,4500,1
23955990,"D",2700,2700,1
23989447,"C",121500,367200,0.330882352941176
23977618,"C",279900,625500,0.447482014388489
23980805,"D",1354500,1493100,0.907172995780591
24534628,"C",900,900,1
23981671,"C",7200,7200,1
23977876,"D",1249200,1255500,0.994982078853047
23989941,"D",753300,1527300,0.493223335297584
24279226,"A",2700,2700,1
23989419,"C",1800,1800,1
23989093,"C",11700,11700,1
24279572,"C",102600,102600,1
23989557,"C",214200,214200,1
24538052,"C",35100,855000,0.0410526315789474
24279024,"D",900,900,1
23980873,"B",900,900,1
23997282,"C",93600,100800,0.928571428571429
23997660,"C",8100,8100,1
23989501,"C",5493600,6401700,0.858147054688598
24538126,"C",1997100,1997100,1
23977888,"D",1499400,1504800,0.996411483253589
23989941,"C",774000,1527300,0.506776664702416
23971593,"C",900,900,1
23954075,"C",900,900,1
23989175,"C",10800,10800,1
24270966,"C",900,900,1
24538192,"C",2700,2700,1
23989197,"C",23400,23400,1
24282194,"B",900,900,1
24279248,"C",900,900,1
24279458,"C",7200,7200,1
24270158,"D",17100,17100,1
23981781,"D",17100,52200,0.327586206896552
23989043,"D",29700,29700,1
24255125,"C",3600,3600,1
24538130,"C",141300,141300,1
24279502,"C",2700,2700,1
23989421,"C",324900,324900,1
23997332,"B",900,2700,0.333333333333333
23981345,"D",39600,199800,0.198198198198198
24534354,"C",900,6300,0.142857142857143
23953845,"D",1800,1800,1
23997650,"C",52200,52200,1
24270486,"B",1800,1800,1
23956982,"C",124200,124200,1
24534382,"C",35100,35100,1
24534298,"C",900,900,1
23971605,"B",1800,1800,1
24538386,"C",900,900,1
23963471,"C",900,900,1
24270314,"D",8100,8100,1
23956860,"C",21600,21600,1
23990257,"C",4500,4500,1
23997364,"C",9900,148500,0.0666666666666667
23970843,"C",1800,1800,1
24286922,"D",900,900,1
23981299,"D",41400,41400,1
23989003,"C",7200,7200,1
24270556,"D",54900,58500,0.938461538461538
23990157,"C",299700,299700,1
23952740,"D",16200,16200,1
23981343,"C",213300,436500,0.488659793814433
24534268,"D",5400,5400,1
24534470,"C",320400,320400,1
23980623,"B",2700,2700,1
24001063,"C",900,900,1
24538444,"C",54900,54900,1
24534568,"C",36000,36000,1
23956812,"C",12600,12600,1
24538110,"C",49500,49500,1
23955800,"C",17100,19800,0.863636363636364
23997278,"C",20700,20700,1
24538286,"C",29700,29700,1
24538118,"C",27000,27000,1
24279114,"C",900,900,1
23990465,"C",4500,4500,1
24538240,"C",12600,12600,1
23989621,"C",12600,23400,0.538461538461538
23990743,"C",1800,2700,0.666666666666667
23955840,"D",900,900,1
23990273,"C",10800,10800,1
23956490,"B",2700,2700,1
23957424,"C",3600,3600,1
23997734,"C",1800,1800,1
23957038,"B",3600,3600,1
24270184,"D",5400,5400,1
24270180,"D",1800,1800,1
23989617,"C",6300,6300,1
23988380,"C",12600,12600,1
23956842,"C",7200,7200,1
24270616,"B",2700,2700,1
23971827,"D",15300,15300,1
23970313,"B",2700,2700,1
23970179,"C",51300,51300,1
24534598,"D",23400,23400,1
23990171,"C",92700,92700,1
23997364,"B",138600,148500,0.933333333333333
24534554,"C",63000,63000,1
24279522,"C",1800,1800,1
23980371,"C",633600,3583800,0.176795580110497
23971729,"D",900,1800,0.5
24535098,"D",9000,9000,1
23989551,"C",189900,189900,1
23989049,"D",150300,150300,1
24274929,"D",76500,146700,0.521472392638037
24538312,"C",13500,13500,1
23977824,"C",234000,234000,1
23970181,"C",2700,2700,1
24279102,"C",900,1800,0.5
24538296,"C",22500,143100,0.157232704402516
23997310,"C",1800,1800,1
23955814,"C",37800,37800,1
23970867,"B",1800,6300,0.285714285714286
24534686,"C",900,900,1
23990423,"C",900,900,1
24279350,"C",6300,10800,0.583333333333333
23989253,"C",3600,3600,1
24534272,"D",794700,794700,1
24274919,"D",11700,69300,0.168831168831169
23962931,"D",6300,6300,1
24279182,"A",304200,304200,1
23980769,"C",900,6300,0.142857142857143
24538546,"C",900,900,1
23980769,"B",5400,6300,0.857142857142857
23990733,"B",3600,3600,1
23990591,"C",112500,112500,1
24279890,"D",3600,78300,0.0459770114942529
23953999,"D",900,900,1
24279444,"D",9900,9900,1
24287224,"C",900,900,1
23989079,"C",268200,268200,1
24286786,"C",900,900,1
23980763,"D",28800,39600,0.727272727272727
23953897,"D",900,900,1
23981225,"D",724500,870300,0.832471561530507
23997272,"C",3600,3600,1
23970337,"B",3600,3600,1
24275187,"C",28800,28800,1
23980619,"B",900,1800,0.5
24275115,"D",321300,330300,0.97275204359673
24270316,"C",900,900,1
24255199,"C",2700,2700,1
23980811,"D",2700,2700,1
24255383,"B",1800,1800,1
24270804,"B",900,900,1
23977960,"C",24300,24300,1
23989031,"D",45000,45000,1
24275225,"A",9000,9000,1
23990269,"C",21600,21600,1
24279490,"D",7200,782100,0.00920598388952819
24279210,"A",111600,111600,1
23997304,"C",1800,3600,0.5
23980409,"C",17100,25200,0.678571428571429
23989299,"C",15300,15300,1
23981649,"D",9000,9000,1
24256813,"B",26100,26100,1
23963331,"B",900,900,1
23989549,"C",22500,22500,1
24279250,"C",4500,4500,1
23978362,"C",19800,19800,1
23956992,"C",99000,99000,1
23997690,"C",2700,2700,1
23989591,"C",5400,5400,1
23989041,"D",13500,13500,1
23990267,"C",108900,108900,1
24282718,"C",9000,9000,1
23997318,"A",9900,117900,0.083969465648855
23997318,"C",108000,117900,0.916030534351145
23990377,"C",900,900,1
23981235,"D",53100,117000,0.453846153846154
23955996,"D",4500,4500,1
23988374,"A",3600,3600,1
24282064,"C",1800,1800,1
23964131,"D",7200,7200,1
24538636,"D",11700,11700,1
24282550,"D",11700,11700,1
24274513,"B",1800,1800,1
24287250,"C",900,900,1
23977970,"C",12600,12600,1
24534516,"C",3600,3600,1
23989509,"C",526500,644400,0.817039106145251
24282020,"D",900,900,1
24274913,"D",900,900,1
24274965,"B",2700,2700,1
23989475,"A",105300,149400,0.704819277108434
23990343,"C",1800,1800,1
23990195,"C",656100,656100,1
23956810,"C",8100,8100,1
24001075,"C",900,2700,0.333333333333333
24538362,"C",30600,30600,1
24254853,"A",2700,2700,1
23989151,"C",1800,1800,1
23971633,"B",900,900,1
23990151,"C",410400,410400,1
24538338,"C",46800,46800,1
24270540,"D",1561500,1561500,1
23970211,"D",24300,29700,0.818181818181818
23989327,"C",33300,33300,1
23989205,"C",4500,4500,1
23977900,"D",62100,62100,1
23989303,"C",5400,5400,1
23988949,"C",264600,264600,1
23990163,"C",243900,243900,1
23989553,"C",3600,3600,1
24538220,"C",40500,40500,1
23989111,"C",24300,24300,1
23977826,"C",7200,7200,1
23981269,"D",17100,17100,1
23981305,"C",5400,7200,0.75
23953869,"A",2700,2700,1
23981769,"B",900,900,1
23952612,"C",13500,20700,0.652173913043478
24279546,"D",293400,299700,0.978978978978979
24279280,"A",22500,22500,1
24534290,"D",254700,254700,1
23997744,"C",7200,10800,0.666666666666667
23970279,"B",11700,34200,0.342105263157895
23989561,"C",419400,419400,1
23990275,"C",4500,4500,1
24279190,"A",2700,2700,1
24537920,"C",900,1800,0.5
23989443,"B",10800,30600,0.352941176470588
24537890,"D",834300,2610900,0.319544984488108
23971821,"D",1800,1800,1
23956926,"D",9000,9900,0.909090909090909
23990765,"B",5400,8100,0.666666666666667
23955832,"D",2700,38700,0.0697674418604651
23952592,"D",4500,4500,1
23982145,"B",900,900,1
24538222,"C",2700,2700,1
24534326,"C",5400,5400,1
23955832,"C",36000,38700,0.930232558139535
24537874,"C",223200,223200,1
23989081,"C",13500,13500,1
24279500,"C",1800,1800,1
24537914,"C",9900,9900,1
23997570,"C",10800,10800,1
23970303,"C",6300,6300,1
24001285,"C",900,900,1
23952890,"D",900,900,1
24279510,"C",4500,5400,0.833333333333333
23989685,"D",1800,1800,1
24534338,"C",900,900,1
23989177,"C",11700,11700,1
23957428,"C",47700,47700,1
23957074,"C",6300,6300,1
23977806,"C",45900,54000,0.85
23956450,"B",900,900,1
23977876,"C",6300,1255500,0.00501792114695341
24254949,"A",900,900,1
23990345,"C",5400,5400,1
24279098,"D",900,1800,0.5
24534512,"C",1278900,1278900,1
24287306,"C",900,900,1
24538380,"C",231300,231300,1
23989361,"B",900,900,1
24282524,"C",4500,4500,1
24279146,"C",57600,57600,1
23997358,"B",141300,184500,0.765853658536585
23989321,"C",4500,4500,1
24270886,"B",900,900,1
24279100,"D",13500,20700,0.652173913043478
23978042,"D",7200,7200,1
24279366,"C",14400,14400,1
23952594,"D",4500,4500,1
23990307,"C",86400,112500,0.768
24254981,"A",7200,7200,1
24534446,"C",74700,135000,0.553333333333333
24538536,"C",79200,125100,0.633093525179856
23989619,"C",2700,2700,1
24534704,"C",34200,34200,1
23977626,"C",59400,61200,0.970588235294118
23989313,"C",71100,71100,1
24270512,"B",34200,74700,0.457831325301205
24001529,"C",1800,1800,1
24537894,"C",72900,72900,1
23955836,"D",1800,1800,1
24534620,"D",900,900,1
24270310,"D",12600,12600,1
23989669,"D",5400,5400,1
23970971,"D",1800,1800,1
23956862,"C",900,900,1
23989259,"C",15300,15300,1
23990159,"C",22500,22500,1
24538260,"C",49500,49500,1
23989719,"C",900,900,1
23980823,"B",7200,7200,1
23981639,"D",1200600,1200600,1
24534594,"D",271800,271800,1
23981295,"D",15300,15300,1
23997382,"B",1800,1800,1
24001611,"B",900,900,1
23990651,"C",5400,5400,1
23989045,"D",374400,374400,1
24534706,"C",1800,1800,1
23977830,"C",9900,9900,1
23989315,"C",177300,177300,1
23977918,"C",11700,11700,1
23989097,"C",556200,556200,1
24270386,"D",11700,11700,1
23997306,"C",17100,17100,1
24538228,"C",56700,56700,1
23989193,"C",31500,31500,1
24538648,"C",9900,9900,1
24279102,"D",900,1800,0.5
24538094,"C",900,900,1
23997360,"B",58500,66600,0.878378378378378
23980613,"D",900,900,1
23962997,"D",2700,2700,1
24282080,"B",900,900,1
23990317,"C",8100,8100,1
23970249,"C",4500,4500,1
23955918,"D",5400,5400,1
23997522,"C",6300,6300,1
23997280,"C",223200,225000,0.992
23956834,"C",2700,2700,1
23970319,"B",2700,2700,1
24534448,"D",43200,174600,0.247422680412371
23989409,"C",111600,111600,1
24538310,"C",5400,5400,1
24535096,"D",85500,85500,1
23989009,"D",126900,126900,1
24279556,"D",15300,15300,1
23978034,"D",900,900,1
24287930,"B",900,900,1
23970975,"C",900,900,1
23981645,"C",72000,3038400,0.023696682464455
24274423,"C",900,900,1
23990197,"C",9900,9900,1
23956516,"C",3600,3600,1
23990713,"A",842400,842400,1
24255187,"C",900,900,1
23989469,"A",109800,322200,0.340782122905028
24279292,"A",18900,52200,0.362068965517241
24270440,"D",9000,13500,0.666666666666667
23970879,"B",900,1800,0.5
24537920,"B",900,1800,0.5
23990217,"C",194400,194400,1
24538340,"C",1296000,1296000,1
23990285,"C",14400,14400,1
24534284,"D",18000,18000,1
23970289,"B",2700,5400,0.5
24288234,"C",8100,8100,1
23989105,"C",8100,8100,1
23956926,"C",900,9900,0.0909090909090909
24265553,"B",900,900,1
23956898,"C",107100,107100,1
23990735,"B",1800,1800,1
23955912,"D",14400,26100,0.551724137931034
24534580,"C",900,900,1
24287198,"C",900,900,1
23971741,"C",2700,8100,0.333333333333333
23962973,"D",1800,1800,1
23977926,"C",2700,2700,1
24270720,"C",18900,18900,1
24287186,"C",9000,9000,1
24257379,"B",900,900,1
23957010,"B",1800,1800,1
23989131,"C",60300,60300,1
23956884,"C",3600,3600,1
23990047,"C",900,900,1
23997508,"B",9900,62100,0.159420289855072
23990631,"A",474300,2522700,0.188012843382091
23963453,"C",2700,2700,1
23990277,"C",2700,2700,1
24265489,"B",900,900,1
23956946,"B",2700,2700,1
23977924,"C",49500,49500,1
24001305,"C",3600,3600,1
23980899,"B",5400,5400,1
24538096,"C",1800,1800,1
23989727,"C",27900,27900,1
23989567,"C",18000,18000,1
23956928,"D",900,900,1
24287200,"C",6300,6300,1
23970293,"B",7200,7200,1
23977928,"C",9000,9000,1
23977820,"C",49500,49500,1
23997678,"C",241200,346500,0.696103896103896
23989473,"A",126900,209700,0.605150214592275
23997678,"B",105300,346500,0.303896103896104
24538172,"C",33300,33300,1
23952602,"D",9900,13500,0.733333333333333
23997764,"C",18900,18900,1
23980619,"D",900,1800,0.5
24538234,"C",13500,13500,1
23977956,"C",29700,29700,1
23980371,"D",2950200,3583800,0.823204419889503
24255131,"C",2700,2700,1
23953887,"A",37800,45900,0.823529411764706
23989961,"C",43200,44100,0.979591836734694
23964111,"D",25200,26100,0.96551724137931
24275233,"A",23400,23400,1
24270736,"D",4500,5400,0.833333333333333
23990225,"C",900,900,1
23989569,"C",317700,317700,1
24534584,"C",6300,6300,1
24287202,"C",16200,16200,1
24256035,"B",5400,5400,1
24538206,"C",387900,387900,1
23977930,"C",75600,75600,1
23990193,"D",119700,130500,0.917241379310345
24537862,"D",1315800,3996900,0.329205133978834
23997316,"C",46800,65700,0.712328767123288
23989375,"B",17100,27000,0.633333333333333
23957486,"B",900,900,1
24279198,"C",18000,32400,0.555555555555556
24282542,"D",37800,37800,1
23970271,"B",1800,148500,0.0121212121212121
23964185,"D",8100,8100,1
23990669,"C",28800,63000,0.457142857142857
23990271,"C",288000,288000,1
24538102,"C",586800,738000,0.795121951219512
23989115,"C",1800,1800,1
23964479,"C",900,900,1
23989441,"C",27000,27000,1
24275169,"A",1800,1800,1
23990205,"D",1800,1800,1
23956950,"C",18000,21600,0.833333333333333
23956950,"D",3600,21600,0.166666666666667
23990697,"B",900,900,1
24279020,"C",102600,180900,0.567164179104478
24274641,"D",900,900,1
24270550,"B",900,900,1
23981267,"D",3600,3600,1
23970175,"C",6300,45900,0.137254901960784
23997280,"B",1800,225000,0.008
24275261,"C",9000,9000,1
23953849,"D",900,900,1
24287858,"C",6300,6300,1
23980373,"D",633600,636300,0.995756718528996
23977822,"C",49500,58500,0.846153846153846
24534720,"C",26100,26100,1
23989047,"D",22500,22500,1
23952598,"D",70200,70200,1
23981651,"D",300600,301500,0.997014925373134
24534350,"C",900,900,1
24255355,"B",900,900,1
24275239,"C",900,900,1
24538210,"C",86400,549000,0.157377049180328
24538210,"D",462600,549000,0.842622950819672
24537880,"C",22500,22500,1
24279558,"C",1800,105300,0.0170940170940171
24255405,"B",20700,20700,1
24274905,"B",2700,2700,1
24285680,"B",9900,9900,1
23955782,"C",3600,3600,1
24538180,"C",1624500,1624500,1
24537912,"C",56700,56700,1
24287872,"C",2700,2700,1
23977964,"C",11700,36000,0.325
23990153,"C",383400,383400,1
24287302,"C",2700,2700,1
24534258,"D",900,900,1
24270820,"D",12600,12600,1
24534722,"C",112500,112500,1
24534710,"C",3600,3600,1
23989119,"C",154800,154800,1
23989443,"C",19800,30600,0.647058823529412
23990107,"A",1800,51300,0.0350877192982456
23989575,"C",531000,531000,1
24275333,"B",15300,15300,1
23989267,"C",900,900,1
23990209,"D",4500,4500,1
23981855,"B",1800,1800,1
23977934,"C",11700,11700,1
23989343,"B",56700,56700,1
23956824,"C",16200,16200,1
23981259,"D",4500,153000,0.0294117647058824
23981259,"C",148500,153000,0.970588235294118
24282300,"D",900,900,1
24257689,"A",1800,1800,1
23977636,"D",2700,14400,0.1875
23997282,"B",7200,100800,0.0714285714285714
23989059,"C",68400,68400,1
23989381,"C",1800,1800,1
23980809,"D",5400,5400,1
23989373,"C",5400,5400,1
23997722,"B",4500,46800,0.0961538461538462
23981669,"C",1800,1800,1
23990667,"A",4219200,7139700,0.590949199546199
24534684,"C",16200,16200,1
24282866,"D",3600,3600,1
23952610,"D",900,900,1
24538078,"D",315000,319500,0.985915492957746
23977620,"D",853200,1191600,0.716012084592145
24287810,"B",2700,2700,1
23971051,"C",1800,1800,1
23989547,"C",8100,8100,1
24274617,"C",11700,11700,1
23982247,"B",900,900,1
24534262,"D",3600,3600,1
23981807,"D",17100,18000,0.95
23997370,"B",8100,8100,1
23956662,"C",63900,78300,0.816091954022989
23971709,"C",8100,8100,1
24255399,"B",2700,2700,1
23989969,"C",10800,19800,0.545454545454545
23989969,"D",9000,19800,0.454545454545455
23989051,"D",86400,134100,0.644295302013423
23990313,"D",900,6300,0.142857142857143
24534726,"C",56700,56700,1
23989961,"D",900,44100,0.0204081632653061
24287212,"C",900,900,1
24279376,"C",1800,1800,1
23990147,"C",1156500,1156500,1
24274891,"C",180000,180900,0.995024875621891
24270656,"C",3600,3600,1
23989095,"C",59400,59400,1
24279316,"D",1800,1800,1
23989063,"C",9900,9900,1
23997298,"B",1800,1800,1
24538670,"C",8100,8100,1
24534354,"D",5400,6300,0.857142857142857
24279302,"C",27900,122400,0.227941176470588
24538272,"C",9900,9900,1
24538638,"C",13500,13500,1
23989385,"C",176400,176400,1
24275579,"C",900,900,1
24287936,"C",900,900,1
24538284,"C",29700,29700,1
24538556,"B",900,900,1
23989577,"C",10800,10800,1
24287242,"C",3600,3600,1
23980587,"B",900,900,1
23990595,"C",149400,149400,1
23977640,"C",2700,11700,0.230769230769231
24287214,"C",900,900,1
23990669,"B",34200,63000,0.542857142857143
23990403,"C",900,900,1
23990237,"C",30600,30600,1
23989963,"C",36900,36900,1
23952604,"D",9000,9000,1
23988947,"C",900,900,1
23956924,"C",3600,3600,1
24534696,"C",1800,1800,1
24279194,"C",1800,588600,0.00305810397553517
23988376,"C",181800,462600,0.392996108949416
24255403,"B",1800,1800,1
23970281,"B",44100,58500,0.753846153846154
24538188,"C",298800,298800,1
24538178,"C",2855700,2855700,1
24279680,"C",12600,482400,0.0261194029850746
23977950,"C",3600,3600,1
24538496,"C",1800,1800,1
23980693,"B",1800,1800,1
23989161,"C",139500,139500,1
24538142,"D",14400,128700,0.111888111888112
23981659,"D",75600,75600,1
24537976,"B",4500,4500,1
23990173,"D",18000,18000,1
23989117,"C",16200,16200,1
23964777,"D",900,900,1
23989317,"C",38700,38700,1
23997300,"B",1800,8100,0.222222222222222
24534600,"D",288900,288900,1
23989037,"D",900,900,1
24270294,"D",4500,4500,1
24534698,"C",900,900,1
23997374,"B",900,900,1
23989067,"C",1800,1800,1
23989485,"A",900,900,1
24537864,"D",2706300,5220000,0.518448275862069
23953839,"D",900,900,1
24287710,"D",900,900,1
24538084,"C",1800,1800,1
24274847,"C",900,900,1
23957006,"C",11700,11700,1
23989379,"C",93600,93600,1
24270516,"C",900,8100,0.111111111111111
23980807,"D",7200,7200,1
23952614,"C",3600,3600,1
24534730,"C",123300,123300,1
24538144,"C",138600,138600,1
23955794,"C",1800,1800,1
23988372,"C",900,900,1
23957426,"C",4500,4500,1
24255451,"B",17100,17100,1
24538688,"C",1800,1800,1
23955952,"D",900,900,1
24279174,"D",3600,126900,0.0283687943262411
23997380,"B",1800,1800,1
23980381,"D",75600,75600,1
24538190,"C",594000,623700,0.952380952380952
24538190,"D",29700,623700,0.0476190476190476
23980467,"B",2700,2700,1
23989283,"C",900,900,1
23962999,"C",900,42300,0.0212765957446809
24538182,"C",133200,133200,1
23964123,"D",112500,112500,1
23989187,"C",14400,14400,1
23981433,"B",12600,12600,1
23970257,"D",6300,6300,1
24279676,"D",21600,21600,1
24279218,"A",14400,14400,1
23989029,"D",2700,2700,1
24534724,"C",26100,26100,1
23990647,"C",1800,1800,1
23977848,"D",2370600,2828700,0.838052815781101
24279198,"A",14400,32400,0.444444444444444
23978250,"B",900,900,1
23989071,"C",11700,11700,1
24534604,"D",1800,1800,1
23990835,"C",132300,132300,1
23990223,"C",57600,57600,1
23989747,"C",1555200,1651500,0.941689373297003
24270340,"D",5400,5400,1
24255209,"C",3600,3600,1
23980383,"D",900,900,1
23963691,"D",7200,7200,1
23957464,"C",1800,1800,1
23989285,"C",1800,1800,1
23997358,"C",43200,184500,0.234146341463415
24279100,"C",7200,20700,0.347826086956522
24537868,"C",272700,272700,1
23990327,"C",3600,3600,1
24279580,"C",52200,112500,0.464
23955798,"C",900,900,1
23971805,"D",900,900,1
24255875,"A",900,900,1
23990649,"C",18000,18000,1
23989721,"C",900,900,1
24257565,"B",900,900,1
23955904,"C",6300,6300,1
23963001,"D",6300,6300,1
23997304,"B",1800,3600,0.5
24538120,"C",1375200,1745100,0.788035069623517
23990837,"C",6300,6300,1
23989559,"C",25200,25200,1
23997638,"B",3600,39600,0.0909090909090909
23981345,"C",160200,199800,0.801801801801802
23970917,"D",22500,22500,1
24279554,"D",881100,885600,0.994918699186992
23977920,"C",16200,16200,1
24534276,"D",26100,26100,1
24279232,"A",13500,13500,1
24534742,"C",1800,1800,1
23953895,"A",58500,64800,0.902777777777778
24279290,"A",19800,71100,0.278481012658228
24270824,"D",2700,3600,0.75
23989445,"C",8100,78300,0.103448275862069
24538346,"C",65700,65700,1
23978420,"C",5400,4204800,0.00128424657534247
23977850,"C",44100,45900,0.96078431372549
24270592,"B",900,900,1
23989723,"C",4500,4500,1
24271020,"C",8100,8100,1
24287298,"C",5400,5400,1
23977628,"D",1184400,1184400,1
24282122,"C",900,900,1
23990369,"C",489600,489600,1
23997814,"B",1800,1800,1
24538732,"C",3132900,3132900,1
23997372,"C",900,7200,0.125
23989065,"C",45900,45900,1
23990445,"C",3438900,3438900,1
23977814,"C",86400,86400,1
24538198,"C",900,900,1
24534280,"D",3600,3600,1
24256239,"B",4500,4500,1
23978188,"D",16200,16200,1
23989353,"B",5400,5400,1
23989377,"C",22500,22500,1
24270488,"B",900,900,1
23989989,"C",1800,1800,1
24285760,"B",1800,1800,1
23955770,"D",1800,1800,1
23990095,"C",2700,2700,1
24274907,"B",900,900,1
23956510,"B",3600,3600,1
24282324,"C",1800,1800,1
23970923,"D",13500,13500,1
23989751,"C",13500,135900,0.0993377483443709
23989401,"C",797400,797400,1
23956556,"C",32400,32400,1
23997308,"C",162000,162000,1
23981645,"D",2966400,3038400,0.976303317535545
23981303,"D",6300,8100,0.777777777777778
23977816,"C",202500,202500,1
23956940,"C",10800,10800,1
24537872,"D",423900,3815100,0.111111111111111
24285846,"C",6300,6300,1
24538168,"C",1081800,1081800,1
23990675,"B",2700,2700,1
23981431,"B",2700,2700,1
23970879,"D",900,1800,0.5
23955880,"C",2700,2700,1
24534750,"C",900,900,1
23989683,"D",58500,58500,1
23978422,"D",1795500,2162700,0.830212234706617
24270490,"B",1800,1800,1
23997696,"B",30600,137700,0.222222222222222
23990765,"A",2700,8100,0.333333333333333
23989613,"C",42300,42300,1
23956858,"C",900,900,1
23971619,"B",900,900,1
23955912,"C",11700,26100,0.448275862068966
23956558,"C",27900,27900,1
24538738,"C",1800,1800,1
24538296,"D",120600,143100,0.842767295597484
24270150,"D",9900,9900,1
23977614,"D",568800,2695500,0.2110183639399
24279348,"D",84600,84600,1
23977818,"C",8100,8100,1
24538098,"C",6300,6300,1
24254877,"A",900,900,1
23981841,"B",3600,27900,0.129032258064516
23997666,"C",6300,6300,1
23955772,"D",28800,216900,0.132780082987552
23955772,"C",188100,216900,0.867219917012448
24255397,"B",900,900,1
24534752,"C",6300,6300,1
23990287,"C",28800,28800,1
23955804,"C",13500,13500,1
24001143,"B",1800,1800,1
23997722,"C",42300,46800,0.903846153846154
23977954,"C",111600,111600,1
24538740,"C",37800,37800,1
24279420,"C",900,900,1
23957398,"D",8100,87300,0.0927835051546392
23981305,"B",1800,7200,0.25
24265509,"B",900,900,1
23955914,"D",2700,2700,1
24538202,"D",361800,391500,0.924137931034483
24001059,"C",2700,2700,1
24279240,"A",10800,10800,1
24270556,"C",3600,58500,0.0615384615384615
24275419,"C",16200,21600,0.75
23952602,"C",3600,13500,0.266666666666667
23990623,"C",1800,1800,1
23971833,"D",16200,16200,1
24287316,"D",1800,1800,1
24538658,"C",411300,411300,1
24264825,"C",10800,15300,0.705882352941177
23971035,"B",900,900,1
23989051,"C",47700,134100,0.355704697986577
23956902,"C",64800,64800,1
24274653,"D",11700,11700,1
23990307,"D",26100,112500,0.232
24534384,"C",31500,31500,1
23989405,"A",1042200,3510000,0.296923076923077
23964111,"C",900,26100,0.0344827586206897
24534452,"D",151200,392400,0.385321100917431
24279422,"C",1800,1800,1
23989733,"C",8100,8100,1
23963709,"C",3600,3600,1
23977616,"C",3215700,12468600,0.25790385448246
23977616,"D",9252900,12468600,0.74209614551754
23980395,"D",2700,2700,1
24537876,"C",1584900,2229300,0.710940654016956
23957484,"B",11700,11700,1
24279242,"A",193500,193500,1
24537876,"D",644400,2229300,0.289059345983044
23955778,"C",102600,102600,1
24270558,"C",1800,1800,1
23956434,"B",3600,3600,1
23989375,"C",9900,27000,0.366666666666667
23953895,"C",900,64800,0.0138888888888889
23997680,"C",630900,630900,1
23952596,"D",122400,122400,1
24270908,"D",1800,1800,1
23963025,"C",15300,15300,1
24270612,"B",900,900,1
24279112,"C",4500,4500,1
24270700,"D",1800,1800,1
23990309,"C",2700,2700,1
23981307,"C",4500,4500,1
24282732,"B",1800,1800,1
23990227,"C",6300,6300,1
23989301,"C",3600,3600,1
24287204,"C",101700,101700,1
23990467,"C",22500,22500,1
23980397,"D",2700,2700,1
23977898,"D",67500,67500,1
24257175,"B",900,900,1
24279610,"D",41400,1053900,0.0392826643894108
23971751,"B",2700,4500,0.6
23990005,"C",900,900,1
23955780,"C",5400,5400,1
23971039,"B",1800,1800,1
24275415,"C",900,900,1
24279178,"D",4500,14400,0.3125
24534496,"C",900,900,1
24279214,"A",12600,12600,1
23990743,"B",900,2700,0.333333333333333
23989621,"A",10800,23400,0.461538461538462
24282856,"A",900,900,1
24534390,"C",187200,187200,1
23989291,"C",3600,3600,1
23952748,"D",5400,5400,1
24255283,"B",6300,6300,1
24275479,"A",310500,349200,0.889175257731959
24275479,"C",30600,349200,0.0876288659793814
24275479,"D",8100,349200,0.0231958762886598
24274449,"C",23400,23400,1
24287206,"C",2700,2700,1
23990207,"D",10800,10800,1
24282558,"D",900,900,1
24279568,"C",900,900,1
23990809,"C",6300,6300,1
23952606,"D",4500,4500,1
23989759,"A",62100,66600,0.932432432432432
23989759,"C",4500,66600,0.0675675675675676
23989057,"C",169200,169200,1
24270440,"C",4500,13500,0.333333333333333
24538278,"C",111600,111600,1
23989967,"C",39600,39600,1
23990311,"C",17100,23400,0.730769230769231
23990395,"C",3896100,3896100,1
24534392,"C",18000,18000,1
23977952,"C",37800,37800,1
24282862,"A",68400,68400,1
23955992,"D",1800,1800,1
23988378,"C",49500,49500,1
23997368,"B",38700,39600,0.977272727272727
24282230,"B",900,900,1
23989091,"C",20700,20700,1
24537882,"C",705600,705600,1
23989411,"C",45000,45000,1
23997842,"B",1800,1800,1
24538212,"C",15300,15300,1
23990437,"C",46800,46800,1
23955784,"C",81900,81900,1
23971707,"D",7200,7200,1
23990347,"C",27000,27000,1
23977880,"D",315000,315000,1
23956872,"C",4500,4500,1
24534294,"D",115200,115200,1
23963029,"B",1800,1800,1
24538280,"C",5400,5400,1
24287346,"B",900,900,1
23958034,"C",36000,36000,1
24534394,"C",900,900,1
24279510,"D",900,5400,0.166666666666667
24287210,"C",900,900,1
23990667,"C",2599200,7139700,0.364048909618051
23952754,"D",3600,3600,1
23990243,"C",18000,18000,1
24538518,"C",1800,1800,1
23989741,"C",6300,10800,0.583333333333333
24279476,"C",900,900,1
24534646,"C",900,900,1
23977936,"C",20700,20700,1
23971111,"B",1800,1800,1
24538214,"C",17100,17100,1
24271044,"C",18000,18000,1
23955786,"C",14400,14400,1
23997742,"C",47700,47700,1
23989761,"C",41400,107100,0.38655462184874
24254857,"A",3600,3600,1
23977882,"D",338400,338400,1
23988981,"C",5400,5400,1
24538282,"C",61200,61200,1
23977990,"C",2700,2700,1
23958036,"C",3600,3600,1
23990707,"C",7200,7200,1
24279120,"D",3600,3600,1
24265525,"C",900,900,1
23957430,"C",24300,24300,1
24274891,"D",900,180900,0.00497512437810945
24282868,"D",5400,5400,1
23990351,"C",58500,58500,1
24534596,"D",262800,262800,1
24537886,"C",187200,187200,1
23956504,"B",900,900,1
24534514,"C",24300,24300,1
25184472,"B",1800,1800,1
24538216,"C",3600,3600,1
24537862,"C",2681100,3996900,0.670794866021166
24282570,"C",2700,2700,1
23990825,"C",2700,2700,1
24538186,"C",552600,552600,1
24534266,"D",900,900,1
23990315,"C",6300,6300,1
23989351,"B",6300,6300,1
24270824,"C",900,3600,0.25
24255913,"B",5400,5400,1
23970219,"C",2700,2700,1
23981637,"D",7200,7200,1
23980403,"D",84600,84600,1
23977884,"D",1370700,1370700,1
24538316,"D",252000,585000,0.430769230769231
24538414,"C",900,900,1
23952612,"D",7200,20700,0.347826086956522
23989581,"C",14400,14400,1
23989407,"C",58500,58500,1
23970307,"C",2700,2700,1
23956454,"C",1800,1800,1
23989483,"A",3037500,3384000,0.897606382978723
24270474,"B",1800,1800,1
23997744,"B",3600,10800,0.333333333333333
24538218,"C",6300,6300,1
24270876,"D",900,900,1
23989971,"D",12600,12600,1
24538640,"C",9900,9900,1
24275439,"C",25200,25200,1
24270584,"C",4500,4500,1
23997864,"B",900,900,1
24287244,"C",900,900,1
24534728,"C",63000,517500,0.121739130434783
24287870,"C",34200,34200,1
24286796,"C",2700,2700,1
23956544,"C",12600,12600,1
23980733,"C",1800,1800,1
23990597,"C",11700,11700,1
23970211,"C",5400,29700,0.181818181818182
24274895,"C",6300,6300,1
23956024,"B",900,900,1
24538318,"C",322200,322200,1
23997498,"B",23400,23400,1
23989415,"A",10800,144000,0.075
24279550,"D",900,900,1
23990219,"C",77400,77400,1
23957018,"C",3600,3600,1
24271050,"C",4500,4500,1
24534786,"C",900,900,1
23988188,"C",1800,1800,1
23989633,"C",3600,3600,1
24537864,"C",2513700,5220000,0.481551724137931
23963687,"C",1800,1800,1
23956882,"C",9900,9900,1
23990719,"C",35100,35100,1
24282070,"C",6300,6300,1
23963451,"C",5400,5400,1
23970913,"C",900,900,1
24279516,"C",432000,432000,1
23977886,"D",184500,214200,0.861344537815126
24534402,"C",147600,147600,1
24538254,"C",1710900,1710900,1
23990029,"C",7200,7200,1
23997500,"B",900,900,1
24275081,"C",5400,5400,1
23977624,"C",2453400,7927200,0.309491371480472
24537890,"C",1776600,2610900,0.680455015511892
24279254,"A",3600,3600,1
23977624,"D",5473800,7927200,0.690508628519528
24534660,"C",33300,33300,1
24279174,"C",123300,126900,0.971631205673759
23989417,"C",900,900,1
23980407,"D",4500,4500,1
23997330,"A",31500,32400,0.972222222222222
23988190,"C",94500,94500,1
23962999,"D",41400,42300,0.978723404255319
23989319,"C",613800,613800,1
24256173,"B",10800,10800,1
23981661,"D",267300,286200,0.933962264150943
23980599,"D",1800,1800,1
23956976,"C",5400,5400,1
24538290,"D",81900,81900,1
24285708,"B",900,900,1
23988979,"C",5400,5400,1
24534404,"C",592200,592200,1
23989465,"A",1800,3600,0.5
23990031,"C",5400,5400,1
24282880,"B",900,900,1
24538322,"C",333900,333900,1
23977966,"C",52200,52200,1
947110136,"D",374400,374400,1
23980763,"C",10800,39600,0.272727272727273
24537892,"C",22500,22500,1
23990891,"B",900,900,1
24282372,"D",5400,5400,1
24538224,"C",17100,17100,1
24534302,"C",9000,9000,1
23981641,"C",62100,72900,0.851851851851852
23990365,"C",53100,53100,1
24287266,"C",900,900,1
24534274,"D",3600,3600,1
24534736,"C",524700,524700,1
24286864,"D",27900,27900,1
23971729,"C",900,1800,0.5
24538040,"C",176400,176400,1
23977888,"C",5400,1504800,0.00358851674641148
23962925,"D",26100,26100,1
23980803,"D",262800,262800,1
24287730,"C",7200,7200,1
24538536,"B",45900,125100,0.366906474820144
23989395,"C",900,900,1
23989101,"C",21600,47700,0.452830188679245
24271018,"C",3600,3600,1
23989101,"D",26100,47700,0.547169811320755
24274927,"A",31500,32400,0.972222222222222
24274927,"D",900,32400,0.0277777777777778
24534664,"C",2700,2700,1
23988192,"A",714600,953100,0.749763928234183
23988192,"C",238500,953100,0.250236071765817
24538292,"D",103500,103500,1
23997332,"A",1800,2700,0.666666666666667
23963773,"C",7200,11700,0.615384615384615
23963773,"D",4500,11700,0.384615384615385
23977812,"C",900,900,1
23997504,"B",6300,6300,1
23952766,"C",8100,9900,0.818181818181818
23952766,"D",1800,9900,0.181818181818182
24264817,"C",33300,33300,1
24538650,"C",1800,1800,1
24534398,"C",7200,7200,1
24534330,"D",900,900,1
24534408,"C",1800,1800,1
23990783,"C",7200,7200,1
23990261,"C",5400,5400,1
23970317,"B",900,900,1
23981225,"C",145800,870300,0.167528438469493
24538326,"C",9900,9900,1
23990293,"C",1800,1800,1
23955964,"D",900,900,1
24275113,"C",900,900,1
23980385,"C",105300,246600,0.427007299270073
23980385,"D",141300,246600,0.572992700729927
23989767,"A",61200,68400,0.894736842105263
23989767,"C",2700,68400,0.0394736842105263
24538384,"C",98100,98100,1
23955800,"D",2700,19800,0.136363636363636
24538042,"C",574200,651600,0.88121546961326
24279530,"C",3600,3600,1
23977890,"C",168300,171000,0.984210526315789
23977890,"D",2700,171000,0.0157894736842105
23997714,"C",709200,709200,1
23980379,"D",31500,31500,1
23981257,"D",8100,8100,1
24270892,"D",900,900,1
24255877,"B",3600,35100,0.102564102564103
24534410,"C",19800,19800,1
24279142,"C",4500,4500,1
24287230,"C",1800,1800,1
24534670,"C",73800,73800,1
24287274,"C",900,900,1
24538328,"C",1362600,1362600,1
23989103,"D",900,53100,0.0169491525423729
947110142,"C",35100,35100,1
23980411,"C",2700,5400,0.5
24279640,"D",22500,22500,1
23988194,"A",238500,314100,0.759312320916905
24275203,"D",900,900,1
23980411,"D",2700,5400,0.5
23981303,"C",1800,8100,0.222222222222222
23963775,"C",5400,7200,0.75
24270954,"D",900,900,1
24538200,"C",71100,71100,1
24001141,"B",900,900,1
24270598,"D",2700,2700,1
24538264,"C",1224900,1224900,1
23956394,"C",900,900,1
23990319,"C",61200,61200,1
24264823,"A",900,900,1
24265507,"B",2700,2700,1
24279180,"C",37800,37800,1
24270516,"A",7200,8100,0.888888888888889
23977630,"D",2729700,2729700,1
24538230,"C",22500,22500,1
23990265,"C",40500,40500,1
24538330,"C",9000,9000,1
24275115,"C",9000,330300,0.0272479564032698
947110143,"C",36900,36900,1
23990899,"D",8100,8100,1
23977972,"C",21600,1145700,0.01885310290652
23977972,"D",1124100,1145700,0.98114689709348
23977892,"D",11700,11700,1
23970977,"C",900,900,1
24282380,"A",1800,27900,0.0645161290322581
24282380,"D",26100,27900,0.935483870967742
23971741,"D",5400,8100,0.666666666666667
24534380,"C",18900,18900,1
24287278,"C",900,900,1
24538044,"D",236700,248400,0.952898550724638
23990337,"C",19800,19800,1
23981841,"D",24300,27900,0.870967741935484
23970323,"B",1800,1800,1
24255811,"C",3600,4500,0.8
24534414,"C",9000,9000,1
23997780,"C",4500,14400,0.3125
24279264,"C",9900,9900,1
24255129,"C",1800,1800,1
23990845,"C",900,900,1
23952802,"D",2700,2700,1
24538332,"C",391500,391500,1
23980413,"C",900,900,1
23957398,"C",79200,87300,0.907216494845361
24279558,"D",103500,105300,0.982905982905983
23981647,"C",900,900,1
24288058,"C",41400,41400,1
24538202,"C",29700,391500,0.0758620689655172
23990167,"D",13500,13500,1
23998324,"C",9000,9000,1
24534818,"C",900,900,1
24279608,"A",20700,50400,0.410714285714286
24279608,"D",29700,50400,0.589285714285714
24275419,"D",5400,21600,0.25
24535102,"D",17100,17100,1
24270492,"C",900,900,1
23970325,"B",15300,15300,1
23982327,"C",1800,1800,1
23956432,"B",8100,8100,1
23957480,"B",24300,24300,1
24275323,"B",1800,1800,1
24270696,"A",900,7200,0.125
23977632,"D",2573100,2574000,0.99965034965035
24257169,"B",1800,1800,1
24537906,"C",900,900,1
24538334,"C",900,900,1
23989405,"C",2467800,3510000,0.703076923076923
23990805,"D",5400,5400,1
23956814,"D",55800,226800,0.246031746031746
24271096,"D",900,900,1
23990385,"C",32400,32400,1
24257273,"B",3600,3600,1
23988198,"A",6300,6300,1
23970981,"D",900,900,1
23956606,"C",1800,2700,0.666666666666667
23989689,"D",900,900,1
23997510,"C",9000,9000,1
23971201,"C",9900,9900,1
24534386,"C",7200,7200,1
23970295,"B",18000,18000,1
24538176,"C",630000,630000,1
23977874,"C",96300,96300,1
23982329,"C",900,900,1
24255815,"C",1800,1800,1
23956534,"D",342900,723600,0.473880597014925
24279664,"A",900,900,1
23990905,"C",10800,10800,1
23989445,"A",6300,78300,0.0804597701149425
24537908,"C",37800,37800,1
24534388,"C",17100,17100,1
24538238,"C",19800,19800,1
23989777,"C",9000,9000,1
24538450,"C",8100,8100,1
23990391,"C",72900,72900,1
24282556,"C",1800,1800,1
23997340,"C",252900,672300,0.376171352074967
24538132,"C",1855800,1855800,1
23988376,"A",280800,462600,0.607003891050584
24279268,"A",8100,59400,0.136363636363636
24255353,"B",3600,3600,1
23956818,"C",2700,2700,1
23997512,"C",7200,7200,1
23956864,"C",51300,51300,1
24282160,"C",13500,13500,1
24279178,"C",9900,14400,0.6875
23980535,"B",900,900,1
23989183,"C",28800,28800,1
24534766,"C",900,900,1
23980373,"C",2700,636300,0.00424328147100424
23977634,"D",225900,240300,0.940074906367041
24279668,"C",3600,3600,1
24264787,"B",900,900,1
23982039,"B",900,4500,0.2
23982039,"D",3600,4500,0.8
23989779,"C",5400,5400,1
23989693,"D",7200,7200,1
23980419,"D",10800,10800,1
24275551,"D",2700,2700,1
23997788,"B",900,14400,0.0625
23977618,"D",345600,625500,0.552517985611511
24279244,"A",461700,465300,0.992263056092843
24279244,"C",3600,465300,0.00773694390715667
24282402,"C",9900,9900,1
23970565,"C",1800,1800,1
23956820,"C",2700,2700,1
24270864,"B",900,900,1
23997342,"C",2700,2700,1
24001037,"C",23400,23400,1
24534292,"C",900,900,1
23963789,"C",1800,1800,1
24538634,"C",900,900,1
24279612,"D",3600,3600,1
24279308,"D",7200,7200,1
24287246,"C",2700,2700,1
23990311,"D",6300,23400,0.269230769230769
24275129,"C",1800,1800,1
23990955,"C",55800,55800,1
24279158,"C",1800,1800,1
23990175,"D",5400,5400,1
23989697,"D",72900,72900,1
23980399,"C",4500,38700,0.116279069767442
23980399,"D",34200,38700,0.883720930232558
24274451,"C",3600,3600,1
23981653,"D",900,900,1
23970335,"B",42300,42300,1
23957056,"B",121500,121500,1
24270284,"D",238500,238500,1
24001433,"C",1800,1800,1
24275067,"B",900,900,1
24534770,"C",100800,100800,1
23990063,"C",21600,21600,1
23962949,"D",3600,3600,1
24255359,"B",900,900,1
24287292,"C",900,900,1
23956070,"C",2700,2700,1
23963791,"C",900,900,1
23977906,"D",1389600,1389600,1
24282404,"B",900,900,1
23989447,"B",11700,367200,0.0318627450980392
24538342,"C",211500,211500,1
24264789,"B",1800,1800,1
24279544,"D",900,900,1
23989699,"D",900,900,1
23989121,"C",108000,108000,1
23977620,"C",338400,1191600,0.283987915407855
23990143,"C",1713600,1713600,1
23990475,"C",900,900,1
23989225,"C",900,900,1
24537884,"C",18900,18900,1
24534688,"C",190800,190800,1
23990967,"C",24300,24300,1
947110154,"B",900,900,1
23955870,"D",2700,2700,1
24279276,"A",204300,204300,1
24534436,"C",12600,12600,1
23990861,"C",93600,93600,1
23989383,"C",900,900,1
23962991,"D",5400,5400,1
23956876,"C",6300,6300,1
23990313,"C",5400,6300,0.857142857142857
23953831,"D",1800,1800,1
24271128,"C",1800,1800,1
24538344,"C",15300,15300,1
24270924,"D",3600,3600,1
23978388,"C",18900,18900,1
23977828,"C",12600,12600,1
24270534,"C",5400,5400,1
23957012,"B",3600,3600,1
23989457,"A",85500,85500,1
24538580,"B",7200,7200,1
23971231,"B",1800,1800,1
24534322,"C",900,12600,0.0714285714285714
24534322,"D",11700,12600,0.928571428571429
23963031,"C",900,900,1
24538248,"C",103500,103500,1
23955826,"C",1800,1800,1
24255365,"B",2700,2700,1
24279220,"A",900,6300,0.142857142857143
24279220,"C",5400,6300,0.857142857142857
23989785,"C",94500,327600,0.288461538461538
24270166,"D",1800,1800,1
24279574,"C",97200,97200,1
23953833,"D",46800,46800,1
23989033,"D",33300,33300,1
24282412,"A",128700,128700,1
24279546,"C",6300,299700,0.021021021021021
23956630,"C",54900,54900,1
24275073,"C",900,900,1
23989125,"C",1800,1800,1
23997494,"B",13500,13500,1
23989459,"A",477000,477000,1
23997800,"C",63000,63000,1
24537888,"C",421200,421200,1
23958044,"C",3600,3600,1
24287462,"C",900,900,1
24279194,"A",586800,588600,0.996941896024465
24538054,"C",333000,425700,0.782241014799154
23989631,"C",5400,5400,1
23963685,"C",2700,2700,1
24282874,"D",900,900,1
24279438,"D",5400,5400,1
24279680,"A",469800,482400,0.973880597014925
23963799,"C",900,900,1
23989763,"C",8100,10800,0.75
23952758,"C",1800,1800,1
24538142,"C",114300,128700,0.888111888111888
23970167,"D",2700,2700,1
24538348,"C",50400,50400,1
23956632,"C",34200,34200,1
23991061,"A",405000,2584800,0.156685236768802
23955792,"C",24300,24300,1
23989127,"C",14400,14400,1
23990407,"C",29700,29700,1
23989463,"A",2700,2700,1
24274633,"A",3600,5400,0.666666666666667
24534442,"C",141300,141300,1
23997802,"B",900,900,1
24287464,"C",900,900,1
23978408,"D",2700,2700,1
23988206,"C",8100,8100,1
23977806,"D",8100,54000,0.15
23991065,"D",900,900,1
24282414,"A",391500,391500,1
23997356,"B",143100,241200,0.593283582089552
23997356,"C",98100,241200,0.406716417910448
24279098,"C",900,1800,0.5
23990361,"C",458100,458100,1
24275141,"C",9000,9000,1
23977914,"C",72000,72000,1
23989787,"C",135900,217800,0.62396694214876
23989787,"D",81900,217800,0.37603305785124
24538350,"C",981900,981900,1
23977642,"C",11700,13500,0.866666666666667
23990187,"D",1800,1800,1
23977642,"D",1800,13500,0.133333333333333
24538476,"C",46800,46800,1
23978412,"D",40500,40500,1
24001303,"C",4500,4500,1
24534444,"C",149400,149400,1
23978002,"D",900,900,1
23990531,"C",149400,149400,1
23980433,"D",19800,19800,1
23997526,"C",10800,10800,1
24538056,"C",284400,297900,0.954682779456193
23971249,"D",19800,19800,1
23997756,"C",24300,24300,1
24270938,"D",8100,8100,1
24270544,"C",1800,1800,1
23953841,"D",900,900,1
23977808,"C",87300,87300,1
23971011,"B",900,900,1
24279626,"C",32400,32400,1
23981661,"C",18900,286200,0.0660377358490566
23977944,"C",14400,14400,1
23956090,"D",900,900,1
24538354,"C",215100,215100,1
24538256,"C",1080900,1080900,1
23989793,"D",900,900,1
23989465,"C",1800,3600,0.5
24534702,"C",255600,255600,1
23978418,"C",22500,22500,1
23977646,"D",5400,5400,1
23991173,"D",2700,2700,1
23971603,"B",31500,31500,1
23956636,"C",900,16200,0.0555555555555556
23980435,"D",14400,14400,1
23956636,"D",15300,16200,0.944444444444444
24279684,"A",416700,419400,0.993562231759657
24279684,"C",2700,419400,0.00643776824034335
24282416,"A",1800,7200,0.25
24282416,"C",5400,7200,0.75
24538058,"C",22500,22500,1
24271060,"C",7200,7200,1
23971251,"B",2700,2700,1
23981435,"B",900,900,1
23957088,"C",22500,22500,1
23989133,"C",1800,1800,1
23970171,"D",30600,30600,1
24279258,"C",1800,1800,1
23981663,"D",448200,448200,1
23989795,"D",900,900,1
947110166,"D",3600,3600,1
24534446,"D",60300,135000,0.446666666666667
24288092,"C",900,900,1
23991199,"D",4500,4500,1
23964095,"D",16200,16200,1
24001613,"B",900,900,1
24279200,"A",171000,171000,1
23982175,"B",14400,14400,1
24538226,"C",106200,106200,1
24287190,"C",900,900,1
24279554,"C",4500,885600,0.00508130081300813
23956638,"C",9000,9000,1
24279528,"C",900,900,1
24538060,"C",55800,55800,1
24275149,"C",1800,1800,1
24282418,"C",900,900,1
24537870,"C",260100,260100,1
24271412,"D",428400,428400,1
23989467,"C",98100,98100,1
23990537,"C",900,900,1
24279290,"C",51300,71100,0.721518987341772
23990455,"C",900,900,1
23978420,"D",4199400,4204800,0.998715753424658
23970733,"D",3600,3600,1
23953975,"D",1800,1800,1
23990417,"C",37800,37800,1
24270690,"C",54000,54000,1
23970287,"B",900,900,1
24285636,"B",900,900,1
23971143,"B",1800,1800,1
23989137,"C",36900,36900,1
24001055,"B",2700,4500,0.6
24001055,"C",1800,4500,0.4
23956938,"B",900,900,1
23997670,"C",284400,284400,1
23977922,"C",8100,8100,1
24270312,"D",10800,10800,1
23997360,"C",8100,66600,0.121621621621622
23977660,"D",900,900,1
24538262,"C",6300,6300,1
24255877,"A",31500,35100,0.897435897435897
24538652,"C",164700,164700,1
23990539,"C",6300,6300,1
23970175,"D",39600,45900,0.862745098039216
23971291,"C",91800,91800,1
23989681,"D",140400,140400,1
24286928,"D",9000,9000,1
24534448,"C",131400,174600,0.752577319587629
23980445,"D",900,900,1
24287312,"C",329400,329400,1
23997546,"C",2700,2700,1
23970883,"B",900,17100,0.0526315789473684
24275151,"C",6300,6300,1
24282420,"A",3099600,3099600,1
23956640,"C",70200,102600,0.684210526315789
23956640,"D",32400,102600,0.315789473684211
23952776,"D",29700,29700,1
24279008,"D",5400,5400,1
23956526,"D",8100,8100,1
23981667,"C",2575800,3410100,0.755344418052256
23981667,"D",834300,3410100,0.244655581947743
23971023,"C",12600,12600,1
23977662,"D",31500,31500,1
23990799,"D",3600,3600,1
24538654,"C",540900,540900,1
23990841,"D",4500,86400,0.0520833333333333
23990541,"C",336600,336600,1
24279292,"D",33300,52200,0.637931034482759
24538364,"C",9900,9900,1
23978422,"C",367200,2162700,0.169787765293383
23989805,"D",19800,19800,1
24288284,"C",106200,106200,1
24538066,"C",131400,131400,1
24287314,"C",900,900,1
24255395,"B",900,900,1
24279206,"C",900,900,1
24286938,"D",9900,9900,1
24255181,"B",16200,16200,1
23989141,"C",29700,29700,1
24001057,"B",2700,3600,0.75
24534450,"C",12600,12600,1
23981471,"C",75600,88200,0.857142857142857
23991277,"A",4914000,4949100,0.99290780141844
23991277,"C",35100,4949100,0.00709219858156028
23997820,"C",1800,1800,1
23981471,"D",12600,88200,0.142857142857143
23977664,"D",327600,327600,1
23970549,"B",9900,9900,1
24274599,"A",4500,4500,1
24538656,"C",34200,34200,1
23990543,"C",235800,235800,1
23953855,"D",394200,394200,1
24282428,"A",900,900,1
23971293,"C",9000,9000,1
24538268,"C",1800,1800,1
24538070,"C",12600,12600,1
24279010,"D",3600,3600,1
23980447,"D",8100,8100,1
24274983,"B",900,900,1
24279208,"A",3600,3600,1
23989143,"C",7200,7200,1
24534582,"C",3600,3600,1
24255183,"C",1800,1800,1
23990201,"D",27000,27000,1
23997644,"B",900,900,1
24271554,"C",1800,3600,0.5
24271554,"D",1800,3600,0.5
23977894,"C",3600,3600,1
23989145,"C",1800,1800,1
23989813,"C",8100,8100,1
23989473,"C",82800,209700,0.394849785407725
23990545,"C",1800,1800,1
24534418,"C",8100,8100,1
24264825,"B",4500,15300,0.294117647058824
24282290,"D",4500,4500,1
23956646,"C",6300,6300,1
24270696,"C",6300,7200,0.875
24534716,"C",106200,106200,1
23990429,"C",5400,5400,1
23970407,"C",1800,1800,1
23989113,"C",42300,42300,1
24534340,"C",900,900,1
24534452,"C",241200,392400,0.614678899082569
23970743,"B",1800,1800,1
23981473,"D",247500,247500,1
23955916,"D",900,900,1
24281964,"B",21600,21600,1
24534874,"C",2700,2700,1
24001061,"C",900,900,1
23989147,"C",1800,1800,1
23963121,"C",900,900,1
24538368,"C",42300,42300,1
24538076,"D",362700,362700,1
24256949,"B",1800,1800,1
24538660,"C",76500,76500,1
23956534,"C",380700,723600,0.526119402985075
24534756,"C",388800,388800,1
24274757,"C",2700,2700,1
24282292,"D",34200,34200,1
24279564,"D",900,900,1
23982215,"B",15300,15300,1
24538336,"C",1350900,1350900,1
23989053,"C",2700,2700,1
23971319,"C",4500,4500,1
23957052,"C",27000,27000,1
23989817,"C",1800,1800,1
24534246,"D",900,900,1
23989571,"C",12600,12600,1
23997366,"B",4500,4500,1
23981673,"D",4500,4500,1
24534454,"C",85500,85500,1
23956650,"B",900,900,1
24282436,"A",2700,2700,1
23990549,"C",11700,11700,1
23953863,"D",9000,9000,1
23977668,"D",3600,3600,1
24270560,"C",6300,6300,1
24538662,"C",9000,9000,1
23989475,"C",44100,149400,0.295180722891566
24287896,"C",900,900,1
23997682,"C",411300,411300,1
24274917,"A",40500,40500,1
24275159,"C",900,18000,0.05
24275159,"D",17100,18000,0.95
24279014,"C",270900,576900,0.469578783151326
24279014,"D",306000,576900,0.530421216848674
24534588,"C",509400,509400,1
24264827,"B",35100,79200,0.443181818181818
24264827,"C",44100,79200,0.556818181818182
23989819,"C",7200,7200,1
24534248,"D",5400,5400,1
23989573,"C",1042200,1042200,1
23977932,"C",509400,1319400,0.386084583901774
23977932,"D",810000,1319400,0.613915416098226
23980451,"D",1800,1800,1
24538370,"C",5400,9000,0.6
23997514,"C",900,900,1
23990551,"C",110700,110700,1
23990435,"C",28800,28800,1
24538078,"C",4500,319500,0.0140845070422535
23989477,"A",900,900,1
24282298,"D",900,900,1
24538664,"C",11700,11700,1
23971325,"C",27000,27000,1
23956536,"C",27900,72000,0.3875
23956536,"D",44100,72000,0.6125
23989027,"D",900,900,1
24279216,"A",5400,5400,1
23989153,"C",900,900,1
24538242,"C",7200,7200,1
23962987,"D",900,900,1
23971869,"C",2700,2700,1
23989821,"C",18900,18900,1
23990107,"C",49500,51300,0.964912280701754
23964669,"D",7200,7200,1
24287324,"D",3600,3600,1
24287808,"C",23400,23400,1
23978036,"D",1800,1800,1
24286784,"C",2700,2700,1
23982235,"B",5400,5400,1
23989479,"A",35100,35100,1
24538372,"C",99900,99900,1
24534458,"C",6300,6300,1
23980375,"D",1379700,1379700,1
23981279,"D",66600,66600,1
24534260,"D",2700,2700,1
24274319,"D",6300,6300,1
23971327,"C",84600,84600,1
23981683,"D",900,900,1
23956538,"C",106200,106200,1
23989155,"C",900,900,1
23977674,"B",3600,3600,1
24282442,"D",900,900,1
23970905,"C",1800,1800,1
23964449,"B",900,900,1
23970997,"B",7200,7200,1
24275161,"C",9900,9900,1
23989741,"D",4500,10800,0.416666666666667
23990211,"C",3600,3600,1
24279314,"C",9900,9900,1
24538668,"C",34200,34200,1
23956164,"C",900,900,1
24538080,"C",17100,145800,0.117283950617284
23989481,"A",3698100,3698100,1
24538080,"D",128700,145800,0.882716049382716
24538184,"C",194400,194400,1
24279018,"C",318600,387000,0.823255813953488
24279018,"D",68400,387000,0.176744186046512
23981635,"C",47700,87300,0.54639175257732
23977908,"C",414900,414900,1
23989825,"C",900,900,1
23956540,"C",86400,86400,1
23989157,"C",900,900,1
23997692,"C",1800,1800,1
24270706,"D",9900,9900,1
24279512,"C",1800,1800,1
23970907,"C",13500,13500,1
23957136,"B",900,900,1
23989579,"C",4500,4500,1
24287328,"D",900,900,1
24534648,"C",900,900,1
23990215,"C",5400,5400,1
24538374,"C",342900,612000,0.560294117647059
24538374,"D",269100,612000,0.439705882352941
23982253,"B",5400,5400,1
23980377,"C",900,89100,0.0101010101010101
23980427,"D",900,900,1
23980377,"D",88200,89100,0.98989898989899
24270926,"D",900,900,1
24265091,"C",900,900,1
23971053,"C",1800,1800,1
23989743,"C",104400,104400,1
23988983,"C",11700,11700,1
23990559,"C",7200,7200,1
23956542,"C",17100,17100,1
23989159,"C",6300,6300,1
24279480,"C",1800,1800,1
23977938,"C",7200,7200,1
23955790,"C",6300,6300,1
23970909,"C",2700,2700,1
24279278,"A",23400,23400,1
24538526,"B",900,900,1
24287330,"D",3600,3600,1
24255203,"C",1800,1800,1
24270290,"D",59400,59400,1
23997036,"B",2700,4500,0.6
23989483,"D",346500,3384000,0.102393617021277
23997372,"B",6300,7200,0.875
24282444,"A",19800,207900,0.0952380952380952
24282444,"D",188100,207900,0.904761904761905
23989829,"C",23400,23400,1
24279020,"D",78300,180900,0.432835820895522
24001075,"B",1800,2700,0.666666666666667
23988266,"C",900,900,1
24534728,"D",454500,517500,0.878260869565217
23954015,"D",900,900,1
24270712,"C",1800,1800,1
23981689,"D",28800,28800,1
24287044,"D",900,900,1
24279482,"C",4500,4500,1
23991061,"C",2179800,2584800,0.843314763231198
24279322,"C",7200,7200,1
23989583,"C",1800,1800,1
24287332,"D",9900,9900,1
24255205,"C",900,900,1
24274633,"D",1800,5400,0.333333333333333
24538376,"C",29700,169200,0.175531914893617
24538376,"D",139500,169200,0.824468085106383
24279124,"C",171900,171900,1
23990447,"C",6300,6300,1
947110180,"B",900,7200,0.125
947110180,"C",900,7200,0.125
947110180,"D",5400,7200,0.75
24534270,"D",3600,3600,1
24281984,"A",900,900,1
23990081,"C",4500,4500,1
24538288,"C",77400,77400,1
24282128,"C",900,900,1
23977942,"C",12600,12600,1
23989163,"C",444600,444600,1
23956838,"C",900,900,1
23989391,"C",1737900,1737900,1
23990831,"C",46800,46800,1
23997696,"C",107100,137700,0.777777777777778
23997578,"B",15300,15300,1
24274329,"C",7200,9000,0.8
24274329,"D",1800,9000,0.2
24287220,"C",3600,3600,1
23990221,"C",519300,519300,1
23970767,"B",1800,1800,1
23970199,"D",57600,57600,1
23990567,"C",99000,99000,1
23989487,"A",477000,477000,1
24282448,"A",6300,6300,1
23981297,"D",184500,184500,1
24279326,"C",8100,8100,1
24279022,"C",405000,470700,0.860420650095602
24279022,"D",65700,470700,0.139579349904398
24288136,"C",88200,88200,1
24286920,"D",2700,2700,1
24534468,"C",31500,31500,1
23970729,"D",17100,17100,1
23963869,"C",900,3600,0.25
23963869,"D",2700,3600,0.75
23952618,"C",2700,2700,1
23977848,"C",458100,2828700,0.161947184218899
23989393,"C",6300,6300,1
23988951,"C",6300,52200,0.120689655172414
23988951,"D",45900,52200,0.879310344827586
24270834,"B",2700,2700,1
23990451,"C",18900,18900,1
947110181,"B",3600,3600,1
23989747,"A",44100,1651500,0.0267029972752044
24274333,"D",44100,44100,1
23989747,"D",52200,1651500,0.0316076294277929
23990569,"C",198900,198900,1
23989489,"A",149400,149400,1
24282450,"A",24300,24300,1
23988270,"B",900,900,1
23989837,"C",15300,15300,1
23981025,"B",900,900,1
23989167,"C",9900,9900,1
23956550,"C",1800,2700,0.666666666666667
23956550,"D",900,2700,0.333333333333333
23956690,"C",7200,7200,1
24279580,"D",60300,112500,0.536
23977946,"C",217800,217800,1
24538356,"C",7200,7200,1
23957190,"B",900,900,1
23970201,"D",1800,1800,1
23963871,"C",2700,2700,1
24279330,"C",900,900,1
24281986,"A",86400,97200,0.888888888888889
24281986,"D",10800,97200,0.111111111111111
23989073,"C",6300,6300,1
24287226,"C",1800,1800,1
24274335,"D",9900,9900,1
947110182,"D",3837600,3837600,1
24287308,"C",2700,2700,1
23990571,"C",36000,36000,1
24287340,"D",3600,3600,1
24538382,"C",3600,3600,1
23990193,"C",10800,130500,0.0827586206896552
23981301,"D",350100,350100,1
23988272,"C",41400,41400,1
23989169,"C",8100,8100,1
23971017,"C",26100,26100,1
23997384,"C",1800,1800,1
24534474,"C",159300,159300,1
23977948,"C",12600,12600,1
23956552,"C",27900,27900,1
24538360,"C",289800,289800,1
23963209,"C",1800,1800,1
24282454,"A",3600,3600,1
23977850,"D",1800,45900,0.0392156862745098
23970775,"B",3600,3600,1
23989491,"A",417600,417600,1
24255031,"B",900,900,1
23989075,"C",45900,45900,1
24001087,"C",900,900,1
23989847,"C",900,900,1
947110183,"D",1449000,1449000,1
24279026,"C",1234800,1493100,0.827004219409283
24279026,"D",258300,1493100,0.172995780590717
24282838,"D",900,900,1
23980475,"B",900,900,1
24538294,"C",39600,39600,1
23956984,"C",4500,4500,1
23990129,"C",349200,349200,1
24287574,"D",2700,2700,1
23982315,"D",900,900,1
24271414,"D",2700,2700,1
23989077,"C",7200,7200,1
24279338,"D",11700,11700,1
24282278,"D",74700,74700,1
23971377,"C",15300,15300,1
23989853,"D",3600,3600,1
24274339,"D",900,900,1
947110184,"D",51300,51300,1
23963211,"C",27900,27900,1
23989751,"A",122400,135900,0.900662251655629
24281988,"A",900,1800,0.5
24281988,"D",900,1800,0.5
23990229,"C",27000,27000,1
24538734,"C",7200,7200,1
24279890,"C",74700,78300,0.954022988505747
23988274,"A",5400,16200,0.333333333333333
23988274,"C",10800,16200,0.666666666666667
24537872,"C",3391200,3815100,0.888888888888889
23956702,"B",1800,1800,1
23990131,"C",900,900,1
23990575,"C",210600,210600,1
23978018,"D",900,900,1
24271510,"D",1800,1800,1
23989469,"C",212400,322200,0.659217877094972
23955802,"D",900,900,1
23990841,"C",81900,86400,0.947916666666667
24001091,"B",900,900,1
24256409,"B",35100,35100,1
24287232,"C",900,900,1
23989855,"D",6300,6300,1
947110185,"D",930600,930600,1
24271024,"C",900,900,1
23981711,"C",57600,57600,1
24255257,"B",5400,5400,1
24256417,"B",1800,1800,1
23989403,"C",900,900,1
23990231,"C",81000,81000,1
24279028,"C",992700,1062900,0.933954276037257
24279028,"D",70200,1062900,0.0660457239627434
24270734,"D",5400,5400,1
24538388,"C",1800,1800,1
24282328,"D",2700,2700,1
23956704,"C",900,900,1
23990133,"C",620100,620100,1
24287584,"D",900,900,1
23971831,"D",14400,14400,1
24282464,"D",2700,2700,1
24255811,"B",900,4500,0.2
24257157,"B",900,900,1
24275173,"A",5400,5400,1
23989493,"A",2123100,3435300,0.61802462667016
23989493,"C",964800,3435300,0.280848834162955
23989493,"D",347400,3435300,0.101126539166885
23997610,"A",9000,9000,1
947110186,"C",99000,99000,1
23963881,"C",900,9000,0.1
23963881,"D",8100,9000,0.9
23990803,"D",900,900,1
24281990,"C",10800,14400,0.75
24281990,"D",3600,14400,0.25
23990233,"C",43200,43200,1
23957478,"B",12600,12600,1
23990693,"A",2700,603000,0.00447761194029851
23990693,"D",600300,603000,0.995522388059702
24538390,"C",173700,173700,1
24538366,"C",161100,161100,1
23956708,"B",2700,2700,1
23990135,"C",706500,706500,1
24286940,"D",4500,4500,1
23989083,"C",936000,936000,1
23990339,"C",2700,2700,1
23970207,"D",1800,1800,1
23989859,"D",70200,70200,1
23963833,"C",3600,3600,1
24538742,"C",7200,7200,1
24534630,"C",1800,1800,1
24287240,"C",900,900,1
23990849,"C",900,900,1
947110187,"C",664200,664200,1
24287588,"D",12600,12600,1
23988280,"A",900,900,1
24279012,"C",900,900,1
23989495,"C",454500,454500,1
23990235,"C",900,900,1
24270736,"C",900,5400,0.166666666666667
23971431,"D",129600,129600,1
24281992,"D",900,900,1
24279350,"D",4500,10800,0.416666666666667
23963883,"C",900,900,1
24534494,"C",45000,45000,1
23990695,"A",16200,16200,1
24001369,"C",900,900,1
23990583,"C",970200,970200,1
24282852,"A",1800,1800,1
23990341,"C",16200,16200,1
24279154,"D",36900,36900,1
24274355,"D",45000,45000,1
24287318,"D",58500,58500,1
23989181,"C",2700,2700,1
23953895,"D",5400,64800,0.0833333333333333
23956710,"C",900,900,1
24279034,"C",156600,156600,1
24534718,"C",531000,531000,1
23971097,"C",900,1800,0.5
23971097,"D",900,1800,0.5
23955988,"D",3600,3600,1
23989497,"C",582300,582300,1
24538102,"D",151200,738000,0.204878048780488
24275181,"D",1800,1800,1
23989087,"C",900,900,1
24270160,"C",900,900,1
24270738,"D",23400,23400,1
24279610,"A",1012500,1053900,0.960717335610589
23989873,"D",464400,464400,1
23988975,"D",11700,11700,1
23990585,"C",2357100,2357100,1
24288162,"C",3600,3600,1
24274315,"C",16200,16200,1
23990855,"C",1800,1800,1
23955810,"C",12600,12600,1
24538746,"C",3600,3600,1
23997022,"B",1800,1800,1
947110188,"D",996300,1304100,0.763975155279503
24279036,"C",6300,6300,1
24282470,"A",36900,39600,0.931818181818182
24282470,"D",2700,39600,0.0681818181818182
23981723,"D",1800,1800,1
24001521,"B",9000,9000,1
23989499,"C",10800,10800,1
23990239,"C",495000,495000,1
24282000,"D",900,900,1
23990139,"C",33300,33300,1
24538104,"C",18900,18900,1
23957234,"C",900,1800,0.5
23957234,"D",900,1800,0.5
24538370,"D",3600,9000,0.4
23989879,"D",7200,7200,1
23988288,"C",16200,90000,0.18
23990587,"C",575100,575100,1
23988288,"A",73800,90000,0.82
23971433,"C",1800,1800,1
23990857,"C",7200,7200,1
23981627,"B",9000,9000,1
24270372,"D",900,900,1
23989185,"C",7200,7200,1
23988977,"C",29700,29700,1
24279016,"D",6300,6300,1
24270162,"D",27900,27900,1
947110189,"D",48600,48600,1
24001105,"C",900,900,1
23980553,"D",7200,7200,1
23990699,"B",8100,8100,1
24282474,"D",7200,7200,1
23990241,"C",18000,18000,1
23997026,"B",5400,5400,1
24534982,"D",10800,10800,1
24538106,"C",3600,3600,1
23990473,"C",23400,23400,1
24538406,"C",900,900,1
23989307,"C",2700,2700,1
24275481,"C",8100,8100,1
24279246,"A",900,900,1
24255285,"C",1800,1800,1
24288166,"C",4500,4500,1
23963739,"C",1800,1800,1
23990859,"C",87300,87300,1
24274919,"A",57600,69300,0.831168831168831
23988290,"C",14400,14400,1
24001107,"C",1800,1800,1
24279616,"A",320400,320400,1
24001383,"C",1800,1800,1
24279056,"C",900,900,1
24265167,"B",1800,1800,1
24274369,"D",900,900,1
23980555,"D",5400,5400,1
23970215,"C",6300,6300,1
24282476,"D",900,900,1
24538314,"C",18000,18000,1
24287326,"D",41400,41400,1
24534986,"D",5400,5400,1
23956576,"B",900,900,1
23980401,"D",5400,5400,1
24538408,"C",109800,109800,1
23997074,"A",900,900,1
23989893,"D",900,900,1
947110193,"D",900,900,1
23989627,"C",900,900,1
23989761,"A",65700,107100,0.613445378151261
24255287,"C",900,900,1
23989505,"D",2700,2700,1
24282010,"C",900,900,1
23956662,"D",14400,78300,0.183908045977011
23989189,"C",2700,2700,1
23997572,"C",1800,1800,1
23970305,"C",3600,3600,1
24279058,"D",7200,7200,1
24534396,"C",900,900,1
23990593,"C",171000,171000,1
23980557,"D",9000,9000,1
23971891,"C",900,900,1
23977962,"C",40500,40500,1
24274371,"D",6300,6300,1
23990245,"C",5400,5400,1
23989413,"A",10800,16200,0.666666666666667
23988945,"C",721800,721800,1
23990477,"C",206100,206100,1
24534296,"D",900,900,1
23989895,"D",82800,82800,1
947110194,"C",32400,32400,1
24257237,"B",900,900,1
23989629,"C",6300,6300,1
24281978,"A",21600,21600,1
23988292,"C",5400,28800,0.1875
23977676,"C",21600,21600,1
23952756,"C",22500,22500,1
23962995,"D",12600,12600,1
23997574,"C",70200,70200,1
24282480,"D",4500,4500,1
23997628,"C",4500,4500,1
23981749,"B",900,900,1
24538316,"C",333000,585000,0.569230769230769
24287624,"D",43200,43200,1
24534988,"C",7200,18000,0.4
24534988,"D",10800,18000,0.6
24256099,"B",2700,2700,1
23978106,"D",16200,16200,1
23977622,"C",9900,414900,0.0238611713665944
23977622,"D",405000,414900,0.976138828633406
23997036,"A",1800,4500,0.4
23980911,"B",1800,1800,1
23989897,"D",20700,20700,1
947110195,"C",11700,11700,1
23989509,"D",117900,644400,0.182960893854749
23980561,"D",2700,2700,1
24538082,"D",11700,137700,0.0849673202614379
24256647,"B",900,900,1
23970963,"C",2700,2700,1
24279514,"D",18900,18900,1
23989763,"A",2700,10800,0.25
24279380,"C",18000,18000,1
23980405,"D",900,900,1
24255863,"A",900,900,1
24534400,"C",4500,4500,1
23956590,"C",64800,64800,1
24279064,"D",2700,2700,1
23971957,"C",4500,4500,1
24279252,"A",900,900,1
23954073,"D",900,900,1
23990251,"C",70200,70200,1
24534990,"D",19800,19800,1
23989415,"C",133200,144000,0.925
23990481,"C",628200,628200,1
24274377,"D",4500,4500,1
24534518,"C",2700,2700,1
947110196,"C",45000,45000,1
23989195,"C",6300,6300,1
24538116,"C",12600,12600,1
947110004,"C",1800,1800,1
23989511,"C",72900,72900,1
24282876,"D",900,900,1
24270168,"D",4500,4500,1
23989903,"D",900,900,1
23963037,"C",900,900,1
23977886,"C",29700,214200,0.138655462184874
24270754,"D",13500,13500,1
23977964,"B",21600,36000,0.6
24279384,"D",72900,72900,1
23977964,"D",2700,36000,0.075
23990599,"C",48600,48600,1
24287644,"C",900,900,1
24282484,"D",900,900,1
24538320,"C",58500,58500,1
23989099,"D",900,2236500,0.000402414486921529
24534996,"D",18000,18000,1
23956744,"C",61200,64800,0.944444444444444
23956744,"D",3600,64800,0.0555555555555556
23980563,"C",4500,19800,0.227272727272727
23980563,"D",15300,19800,0.772727272727273
947110197,"C",70200,70200,1
23981755,"C",16200,18900,0.857142857142857
23981755,"D",2700,18900,0.142857142857143
23963771,"D",110700,110700,1
23989765,"A",1800,1800,1
24274381,"D",5400,5400,1
23952762,"C",900,27000,0.0333333333333333
23952762,"D",26100,27000,0.966666666666667
24537866,"C",999900,999900,1
24288184,"C",14400,14400,1
23970915,"D",5400,5400,1
24285628,"B",900,900,1
24279392,"C",70200,70200,1
24274815,"B",900,900,1
23990601,"C",102600,102600,1
24255305,"B",900,900,1
24282486,"D",900,900,1
23971131,"C",3600,3600,1
23989907,"D",5400,5400,1
24535004,"D",2700,2700,1
23989651,"D",3600,3600,1
24534662,"C",1800,1800,1
23989515,"C",9000,9000,1
24534522,"C",8100,8100,1
23970229,"C",6300,6300,1
23957268,"B",6300,6300,1
23989199,"C",1800,1800,1
23981641,"D",10800,72900,0.148148148148148
23997502,"B",1800,1800,1
24279230,"A",6300,6300,1
23956748,"C",8100,8100,1
24279068,"C",900,2700,0.333333333333333
24279068,"D",1800,2700,0.666666666666667
24270760,"D",185400,185400,1
24538432,"C",3600,3600,1
24534406,"C",949500,949500,1
23989909,"D",1800,1800,1
23956466,"C",22500,22500,1
24275199,"D",6300,6300,1
24264771,"B",4500,4500,1
24538324,"C",57600,57600,1
24274385,"D",900,900,1
947110137,"D",625500,625500,1
23977626,"D",1800,61200,0.0294117647058824
23990491,"C",2700,2700,1
23989517,"C",267300,267300,1
24538120,"D",369900,1745100,0.211964930376483
23980409,"D",8100,25200,0.321428571428571
24282034,"D",9900,9900,1
23997638,"C",36000,39600,0.909090909090909
24279404,"C",226800,226800,1
24001403,"B",900,900,1
23990895,"D",1800,1800,1
23981643,"D",2700,2700,1
24286866,"D",14400,14400,1
24270888,"D",900,900,1
24270762,"D",877500,877500,1
24538436,"C",9900,9900,1
24270176,"D",913500,913500,1
23989911,"D",1800,1800,1
23980569,"D",8100,8100,1
947110200,"C",186300,308700,0.603498542274053
947110200,"D",122400,308700,0.396501457725948
24287272,"C",900,900,1
24534526,"C",121500,121500,1
24257257,"B",900,900,1
947110138,"D",583200,583200,1
23989203,"C",24300,24300,1
24279070,"D",900,900,1
23989521,"C",36000,36000,1
23970243,"D",900,900,1
23978126,"D",5400,5400,1
23989767,"D",4500,68400,0.0657894736842105
24538122,"C",272700,272700,1
23956890,"C",72000,72000,1
24274823,"A",900,900,1
23990897,"A",3600,3600,1
24538042,"D",77400,651600,0.11878453038674
23957034,"C",450000,450000,1
24279260,"A",500400,503100,0.994633273703041
24279260,"C",2700,503100,0.00536672629695885
23957278,"D",2700,2700,1
24274389,"D",1800,1800,1
23990457,"C",11700,11700,1
23980571,"D",900,900,1
23997640,"C",6300,6300,1
23997506,"C",1800,1800,1
24534530,"C",4500,4500,1
23990263,"C",1800,1800,1
24282492,"D",4500,4500,1
23956756,"C",900,1800,0.5
23989523,"C",569700,569700,1
23988194,"C",75600,314100,0.240687679083095
23989915,"D",36000,36000,1
24286870,"D",9000,9000,1
24538124,"C",99900,99900,1
23963775,"D",1800,7200,0.25
24288052,"C",187200,187200,1
24001549,"C",900,900,1
24279604,"D",26100,26100,1
23990335,"C",40500,40500,1
23990497,"C",207900,207900,1
24537900,"C",1800,1800,1
24274929,"A",58500,146700,0.398773006134969
24534412,"C",69300,69300,1
24279262,"A",246600,246600,1
947110201,"C",24300,69300,0.350649350649351
947110201,"D",45000,69300,0.649350649350649
24274929,"C",11700,146700,0.0797546012269939
23981227,"C",112500,259200,0.434027777777778
23981227,"D",146700,259200,0.565972222222222
23989917,"D",24300,24300,1
23989207,"C",45900,45900,1
23989525,"C",432900,432900,1
24282494,"D",3600,3600,1
24255345,"B",900,900,1
23956760,"C",26100,26100,1
23981781,"C",35100,52200,0.672413793103448
24282040,"D",3600,3600,1
23997642,"B",6300,6300,1
24538044,"C",11700,248400,0.0471014492753623
23970245,"C",19800,19800,1
23990461,"C",11700,11700,1
24287888,"B",1800,1800,1
24279654,"D",5400,5400,1
24279534,"D",9000,9000,1
23997780,"B",9900,14400,0.6875
23988196,"C",900,900,1
24535018,"C",1800,1800,1
23980577,"D",2700,2700,1
23997508,"C",52200,62100,0.840579710144927
24274831,"D",900,900,1
23989923,"D",1800,1800,1
947110202,"C",359100,359100,1
23990501,"C",4500,4500,1
23981229,"D",3600,3600,1
23989527,"C",196200,196200,1
24538446,"C",900,900,1
24275205,"A",32400,272700,0.118811881188119
24275205,"D",240300,272700,0.881188118811881
24275533,"D",900,900,1
24538128,"C",106200,106200,1
24534492,"C",12600,12600,1
23989017,"D",4500,4500,1
24534536,"C",1800,1800,1
24270356,"D",9900,9900,1
24287670,"D",3600,3600,1
23971531,"B",900,900,1
23989687,"D",1800,1800,1
24279536,"D",4500,4500,1
24534754,"C",18000,18000,1
23989531,"D",18900,18900,1
23977632,"C",900,2574000,0.00034965034965035
23980579,"D",19800,19800,1
24534678,"C",2700,2700,1
23989775,"C",28800,28800,1
23989927,"D",8100,8100,1
24282496,"A",97200,180000,0.54
24282496,"C",82800,180000,0.46
23957046,"C",27900,27900,1
23980415,"D",21600,21600,1
24538448,"C",184500,184500,1
24282386,"B",900,900,1
24274407,"D",6300,6300,1
23956606,"B",900,2700,0.333333333333333
23988344,"B",900,900,1
24275213,"D",54900,54900,1
24534538,"C",93600,93600,1
23989533,"D",307800,307800,1
24538046,"D",623700,863100,0.722627737226277
23990053,"C",2700,2700,1
23977896,"D",771300,771300,1
24255351,"B",900,900,1
24538744,"C",900,900,1
23989535,"D",2700,2700,1
24279086,"D",900,900,1
23981233,"D",8100,8100,1
23989445,"B",63900,78300,0.816091954022989
23956768,"C",4500,4500,1
23997262,"A",3600,7200,0.5
23997262,"B",3600,7200,0.5
24285678,"B",1800,1800,1
23980417,"D",6300,6300,1
24282498,"D",900,900,1
23997340,"A",90000,672300,0.133868808567604
23997340,"B",329400,672300,0.48995983935743
23989339,"C",900,900,1
23963335,"B",12600,12600,1
24275217,"D",3600,3600,1
24279268,"C",51300,59400,0.863636363636364
23980581,"D",18900,18900,1
23989931,"D",6300,6300,1
23971751,"D",1800,4500,0.4
23977958,"C",968400,968400,1
23980775,"D",20700,20700,1
23989539,"D",3609900,3609900,1
23970153,"D",2700,2700,1
947110188,"C",307800,1304100,0.236024844720497
23977634,"C",14400,240300,0.0599250936329588
23989217,"C",2700,2700,1
24274409,"D",31500,31500,1
24270262,"D",900,900,1
23990953,"C",168300,168300,1
23956770,"C",900,900,1
24535026,"C",900,900,1
23981651,"C",900,301500,0.00298507462686567
24001147,"C",17100,17100,1
24538454,"C",23400,23400,1
24534546,"C",34200,34200,1
23997788,"C",13500,14400,0.9375
23957054,"C",9000,9000,1
24538134,"C",2243700,2243700,1
24275219,"C",1800,1800,1
24279542,"D",2700,2700,1
24538050,"C",1800,82800,0.0217391304347826
24538050,"D",81000,82800,0.978260869565217
24279270,"A",58500,58500,1
23980583,"D",3600,3600,1
23990059,"C",1800,1800,1
23989541,"D",2041200,2041200,1
23981235,"C",63900,117000,0.546153846153846
24279430,"C",10800,10800,1
23997264,"C",1446300,1446300,1
23997618,"B",1800,1800,1
24279670,"C",900,900,1
24282502,"D",7200,7200,1
23997654,"C",159300,159300,1
23956774,"C",900,900,1
24279092,"C",900,97200,0.00925925925925926
24279092,"D",96300,97200,0.990740740740741
23980421,"D",92700,92700,1
23956726,"C",2700,2700,1
24534548,"C",72000,72000,1
23989935,"D",229500,229500,1
24256829,"C",900,900,1
23963341,"B",7200,7200,1
24275223,"C",900,900,1
24274411,"D",6300,6300,1
23970867,"C",4500,6300,0.714285714285714
23955868,"D",2700,2700,1
24254953,"C",1800,1800,1
23952584,"D",36900,36900,1
24270776,"D",9000,9000,1
23989543,"D",163800,163800,1
24001149,"C",6300,6300,1
24279432,"D",7200,7200,1
23977636,"C",11700,14400,0.8125
23989447,"A",234000,367200,0.637254901960784
23981237,"D",900,900,1
24282506,"D",6300,6300,1
23990631,"C",2048400,2522700,0.811987156617909
23956626,"C",19800,19800,1
24534434,"C",82800,82800,1
23956738,"C",13500,13500,1
24534550,"C",7200,7200,1
23981655,"D",58500,58500,1
23997346,"C",10800,10800,1
23997266,"C",548100,548100,1
24270286,"D",404100,404100,1
23980585,"B",5400,9900,0.545454545454545
23980585,"D",4500,9900,0.454545454545455
24538052,"D",819900,855000,0.958947368421053
23981807,"C",900,18000,0.05
23952586,"D",67500,67500,1
23956920,"C",900,900,1
24538464,"C",900,900,1
24287906,"C",900,900,1
24279434,"D",900,900,1
23981635,"D",39600,87300,0.45360824742268
24279094,"D",6300,6300,1
24279678,"A",2700,2700,1
24282508,"A",5400,5400,1
24270780,"B",900,900,1
23956782,"C",18900,18900,1
23956628,"C",1800,1800,1
23989701,"D",900,900,1
23989123,"C",10800,10800,1
23997658,"C",9000,9000,1
24534552,"C",115200,115200,1
23989413,"C",5400,16200,0.333333333333333
23962951,"D",2700,2700,1
23989227,"C",3600,3600,1
24270288,"D",341100,341100,1
23997268,"C",29700,29700,1
23955872,"D",9900,9900,1
24534438,"C",60300,60300,1
23988292,"A",23400,28800,0.8125
24282066,"C",9900,9900,1
23988204,"A",900,900,1
24257327,"B",8100,8100,1
23989785,"A",140400,327600,0.428571428571429
24279436,"D",4500,4500,1
23989785,"D",92700,327600,0.282967032967033
23977910,"C",82800,82800,1
23981657,"D",2700,2700,1
23997520,"C",1800,1800,1
24279096,"D",8100,8100,1
947110265,"C",900,900,1
23970253,"B",900,900,1
23977640,"D",9000,11700,0.769230769230769
24270436,"B",900,900,1
24285700,"B",2700,2700,1
24274415,"A",7200,15300,0.470588235294118
24274415,"D",8100,15300,0.529411764705882
23990479,"C",1800,1800,1
24270930,"D",7200,7200,1
23997270,"C",136800,136800,1
23952588,"C",1800,109800,0.0163934426229508
23952588,"D",108000,109800,0.983606557377049
24534440,"C",175500,175500,1
24285494,"C",900,2700,0.333333333333333
24282068,"C",13500,13500,1
23980429,"D",2700,2700,1
24270784,"B",1800,1800,1
24001155,"C",1800,1800,1
23956794,"C",3600,3600,1
23977912,"C",10800,10800,1
23989711,"C",900,900,1
23962953,"D",1800,1800,1
24288208,"D",900,900,1
23970355,"D",18900,18900,1
23955940,"D",1800,1800,1
23970881,"D",9000,9000,1
23970279,"D",22500,34200,0.657894736842105
23997300,"D",6300,8100,0.777777777777778
23997302,"D",12600,12600,1
23970271,"D",146700,148500,0.987878787878788
24274703,"D",3600,3600,1
23997246,"D",2700,2700,1
23957028,"D",23400,23400,1
24274777,"D",5400,5400,1
24288164,"D",5400,5400,1
23970285,"D",1800,1800,1
23971333,"D",1800,1800,1
23971855,"D",15300,15300,1
24287152,"D",1800,1800,1
24274689,"D",900,900,1
23963011,"D",16200,16200,1
23970269,"D",9000,9000,1
24288218,"D",1800,1800,1
24285494,"D",1800,2700,0.666666666666667
23970281,"D",14400,58500,0.246153846153846
23963667,"D",900,900,1
947110170,"D",40500,40500,1
23956562,"D",900,900,1
23997944,"D",900,900,1
23971871,"D",2700,2700,1
24274663,"D",1800,1800,1
23971329,"D",4500,4500,1
23970261,"D",2700,2700,1
24274675,"D",4500,4500,1
23997896,"D",3600,3600,1
24274681,"D",2700,2700,1
24287160,"D",2700,2700,1
24287342,"C",1800,1800,1
23963677,"D",16200,16200,1
23956008,"D",1800,1800,1
24274743,"D",1800,1800,1
23956756,"D",900,1800,0.5
23970289,"D",2700,5400,0.5
23963659,"D",44100,44100,1
23955942,"D",900,900,1
24285788,"D",900,900,1
24274655,"D",900,900,1
24287168,"D",12600,12600,1
23963675,"D",900,900,1
24287176,"D",7200,7200,1
23971335,"D",1800,1800,1
23970283,"D",900,900,1
23955938,"D",11700,11700,1
24274669,"D",900,900,1
24287170,"D",3600,3600,1
23970883,"D",16200,17100,0.947368421052632
24274665,"D",2700,2700,1
23970277,"D",900,900,1
23997840,"D",8100,8100,1
23970543,"D",900,900,1
23957318,"C",3600,3600,1
24287102,"D",2700,2700,1
23963665,"D",26100,26100,1
